{
  "principalPoint": {
    "x": 0,
    "y": 0
  },
  "viewTransform": {
    "rows": [
      [
        0.5665184794568353,
        -0.8240155500141013,
        -0.007428712464056519,
        -1.667653527136149
      ],
      [
        -0.09067424866690652,
        -0.07129448708158322,
        0.9933253629805625,
        -1.5385354456892484
      ],
      [
        -0.8190451715641862,
        -0.5620635813204163,
        -0.11510663530248988,
        -10
      ],
      [
        0,
        0,
        0,
        1
      ]
    ]
  },
  "cameraTransform": {
    "rows": [
      [
        0.5665184794568351,
        -0.0906742486669065,
        -0.8190451715641862,
        -7.385200720773139
      ],
      [
        -0.824015550014101,
        -0.0712944870815832,
        -0.5620635813204162,
        -7.10449734705746
      ],
      [
        -0.007428712464056516,
        0.9933253629805621,
        -0.11510663530248982,
        0.3648114084800712
      ],
      [
        0,
        0,
        0,
        1
      ]
    ]
  },
  "horizontalFieldOfView": 0.8206890516801231,
  "verticalFieldOfView": 0.5052921167360466,
  "vanishingPoints": [
    {
      "x": 1.589923261851089,
      "y": -0.25447554216520335
    },
    {
      "x": -3.369922382508815,
      "y": -0.29156839062272716
    },
    {
      "x": -0.14834848884468382,
      "y": 19.83631985249806
    }
  ],
  "vanishingPointAxes": [
    "xPositive",
    "yPositive",
    "zPositive"
  ],
  "relativeFocalLength": 2.2986345865103166,
  "imageWidth": 760,
  "imageHeight": 451
}